"Time","Event","Variable_1","Variable_2"
0.00015,1,0.92641627055244,1.70537951184329
0.0004280293686025,1,1.41622597660227,0.574256943097411
0.000619941599645188,1,1.46765282623178,0.263355507064723
0.00090176936081544,1,0.597795268965057,1.52019431973569
0.0011801433797467,1,1.49794123576258,1.35272526131676
0.00178006012894905,1,0.71014364662065,0.721293060723995
0.0018569592659637,1,1.62371086758621,1.24986610373732
0.00266905565654643,1,1.13917241218573,0.756659034612096
0.00279707399237861,1,1.60653741434895,1.25834115215236
0.00280197978529729,1,1.03332281445971,0.635258173893263
0.0028237398202407,1,1.22294473910467,1.06299043813965
0.00364400118303464,1,1.2657017655892,1.30067391490439
0.0037486526634876,1,0.956666602904544,0.732376862065478
0.0041086507234419,1,0.236969254227587,0.982173497537554
0.00460234190207002,1,0.599069660355779,0.704798526567236
0.00462111757593591,1,1.15865674447607,1.02396182156133
0.00513957050408018,1,1.40496708637577,0.69059778472281
0.00540714606573992,1,0.942413241399514,0.637767827352823
0.00595691934190299,1,1.60272220968754,0.26611144832959
0.00731847757384173,1,1.25804487443949,1.55984246515824
0.00742094809808819,1,0.976170436340088,0.308114873328155
0.00780593686181798,1,1.32159663137247,0.174491469725425
0.00820828660158558,1,0.956961788550055,0.768698886886574
0.00831930538848761,1,1.34252098594159,0.716773323808493
0.00844656488852166,1,1.09525812337391,0.234389453990914
0.00872781662216292,1,1.41994916692656,1.23119762641818
0.00938583904175498,1,1.67195968990068,0.534133188225918
0.00965135031713672,1,0.846675246567549,1.42826503765217
0.00981867828250892,1,1.69520646967521,0.797282503456205
0.00993102166805414,1,1.34116367728003,1.55755066905471
0.0101458346343986,1,0.169610416598088,0.282997574531599
0.0103686136425752,1,1.08904397539607,1.47266532184452
0.0105510238619086,1,1.10904243589963,1.69870594024202
0.0105518766915795,1,0.190584521932988,0.0768833756801991
0.0106519592639348,1,1.32900295960385,1.13472001162732
0.0111551884767095,1,1.68996919087011,1.00735849241206
0.0113345461700372,1,1.58692132582565,1.21345134473412
0.0125943539504631,1,1.33883579012472,1.18564450583621
0.0127666786065532,1,1.17706297198174,0.0384602741570941
0.0130139856018137,1,1.4677287003134,0.478773230181253
0.0138691739829076,1,0.0655704422340985,0.633867419660678
0.0140222583156751,1,1.33385209637708,1.47800726974068
0.0147364341553086,1,0.252096628533188,1.49938028292361
0.0153528395926388,1,1.04781680219928,1.26773881157522
0.0155973681327366,1,0.887070872172357,0.645776089561807
0.0156787229768653,1,1.3983300449922,1.18605245550191
0.0158230222231297,1,1.22104885492288,0.330177566971733
0.016177650700842,1,1.69723747864191,0.748454384575152
0.0163044883263898,1,1.34749924435546,0.416495611785883
0.0175556757930938,1,1.04535782300411,1.46996023349465
0.017706935350067,1,1.69560920661467,0.0875214199679272
0.0184045067393288,1,0.909689711603045,0.301653424519457
0.0190728121749718,1,0.304565575373414,0.729888808794921
0.0193742701213972,1,1.39894164626623,0.283110425659078
0.0201822772874532,1,1.0412274488324,0.676375895163376
0.0221420907078187,1,0.113451672578897,1.13731458663201
0.0221869602492673,1,1.25706542753613,0.771952071664444
0.022456919019782,1,0.679908731856123,1.42371984806632
0.0231099726920034,1,1.23911626167512,0.286446701519102
0.0238452682753134,1,1.37239691622747,0.0371815056249015
0.0238618565226699,1,1.41677879658454,0.818284911805645
0.0243638471218464,1,1.66033179987322,0.418362689666556
0.0244460366881257,1,0.238816043367946,1.23681016021509
0.0249831545086872,1,0.509159985862165,1.18744004080344
0.0256696338430794,1,1.41121027415067,1.11643951140078
0.0258635536290582,1,0.517992963386482,1.64233849803735
0.0263970697451113,1,0.958060870464611,0.0533312348378572
0.0264318889737336,1,1.5957907492833,0.0522176330247714
0.0270238100556759,1,1.38735597544991,0.231320267238406
0.0276580482228177,1,0.955619916833242,1.6569027374054
0.0277327676277084,1,0.734566117560789,1.58002926896995
0.0278007012170982,1,0.134792711739477,1.6797922107265
0.0279272916218066,1,1.63214696412015,0.998616863418649
0.0280144103218008,1,1.31475558148264,0.543826897914828
0.0280247926716685,1,1.67346650008323,1.5836945668195
0.0280263809967445,1,1.34109018574417,1.41681011609237
0.028410493698037,1,1.43169455823982,0.425640633846365
0.0305229990841281,1,0.749157643691633,1.70427335568738
0.0331195813544858,1,1.7259318287446,0.819797552934254
0.0336414030877671,1,1.72474591215067,0.990038137564552
0.0345607044846774,1,1.3021669661674,1.55402448034216
0.0348993314182163,1,0.937034830229215,0.231991320852968
0.0365718939190545,1,1.27491251373167,0.0801240787088845
0.0369413936719284,1,0.816783665601432,0.769708601961139
0.0375616352597578,1,0.520541032372053,0.554841248127719
0.0377203734232594,1,0.437182143281541,1.0107919880765
0.0380343254980136,1,1.70553508345211,0.880490709431435
0.039189022271582,1,1.20723040521036,1.0786051898475
0.0392887535713302,1,0.738523541815459,0.547973704312769
0.0401777050637368,1,1.25932859800552,1.29115666120106
0.0405236900502956,1,1.36130632535643,0.292093322496766
0.0407219361980194,1,1.63588725328343,0.279397841857519
0.0407636862911375,1,0.859619947624299,0.422179319500066
0.0409728784560358,1,1.65273214628047,0.192027889373785
0.0419231156899724,1,0.533521620826947,0.8760001687835
0.0419939888299695,1,1.58216797884543,1.6304799886289
0.0431144332091737,1,0.894240798469622,1.35645008772572
0.0446123684053662,1,1.57487547161672,0.881650394228684
0.0448106577780553,1,1.03331905755442,1.6068414571124
0.0460337347544539,1,0.58051437977037,1.35419167387911
0.0461329813327396,1,1.4453900503625,0.272644401337384
0.0468603393248249,1,1.11966781535155,0.668704387732539
0.0471247744814557,1,0.402949686514649,1.63396683186442
0.0473222834588561,1,1.61062311578744,1.33926897348271
0.0481477594884789,1,1.4217572481669,0.321167811245505
0.0483004516590548,1,1.15341645804971,0.931908020812368
0.0507225391700071,1,1.48415330102526,0.448542745790431
0.0508888964576749,1,0.699813807695807,1.35702819624561
0.0513386602329259,1,0.957093840383236,1.18229419924963
0.0515200648261306,1,0.903657147649388,1.26172265202186
0.0515716873263462,1,1.30565423808372,1.53774163586116
0.0521419161243826,1,1.52988517585421,0.840395533010969
0.0527040028380159,1,1.52499184301821,0.859803439943433
0.0527894647122702,1,1.40242453499197,0.125805399852516
0.0529333182377841,1,1.27385245870728,1.41963656425848
0.0532880596139529,1,1.08983408330654,0.474310782441842
0.0535842389223483,1,0.76208466680721,1.49753391157564
0.0539553806315034,1,1.44893437352296,1.14157496682534
0.0549691469724724,1,1.65956531981596,1.01593896202511
0.056422546500828,1,1.59260651517036,0.700136319625008
0.0575041198172325,1,1.24797510804907,0.608800242239172
0.0578108940592415,1,1.2191267183774,0.308124357134674
0.0580308689826033,1,0.986446734928634,1.52913041374423
0.0581589900024551,1,1.41166901986966,0.255799850317128
0.0583387646476484,1,1.35339784535806,0.111669056913692
0.0584704266416258,1,0.477153981421043,1.51940814697784
0.059125784454204,1,1.616887309728,1.3560274298323
0.0591811399137686,1,1.31305513259442,1.24096034484355
0.0602485011278411,1,0.687750671964545,1.44914552603707
0.0603458744397321,1,1.56641829108514,0.534630674913447
0.0609695275042517,1,0.534476725677954,1.6760309875837
0.0610610985496529,1,0.0157303576034719,0.164585194851812
0.0614405175266843,1,1.40527762952096,0.551044586028018
0.0620263217512242,1,1.4407067678914,0.459659171636043
0.0624649427350922,1,1.56366817794341,1.35166157480545
0.0641695184571046,1,1.65388844316861,0.981148218486768
0.0643060382995798,1,1.63136733852387,0.857097904765416
0.06505972636907,1,0.916103370366603,0.442914863769162
0.0657538121119991,1,0.977027988685214,0.191776716704406
0.0660586854619497,1,0.966658430044611,1.19739979431235
0.0670527790898138,1,1.06778262972995,0.827308726890919
0.0670894822359798,1,0.795369707151521,0.287636229436223
0.0677121456379839,1,0.13726912126527,0.135677041511693
0.0679286159382004,1,1.57127931316458,0.216938971332885
0.069411644835423,1,0.983078936713701,0.225951103152493
0.0696712006061085,1,0.174741128099039,0.405226314657527
0.0698987695577872,1,1.69292560513367,0.15018608873108
0.0708230299514565,1,1.52817021110021,1.60603586467079
0.0717322344105789,1,1.5833911971212,0.475759542066037
0.0727445281175603,1,1.11981956553117,1.04459207166389
0.0736706953084332,1,1.52168531026598,0.953212542256755
0.0742905269084556,1,1.71044798679653,1.62235276407059
0.0754601654743739,1,0.699998407003455,0.902697533382874
0.0755507573817571,1,1.00250553904891,0.428935709569925
0.0759540434177361,1,0.375237069075217,1.53038651099033
0.0799043417661759,1,0.455849120419523,0.32109246263056
0.0799754903494672,1,0.691724826062029,0.759020452026066
0.0820457410575444,1,0.752200888198549,0.48619700366441
0.0822992126144647,1,0.765461865754114,1.07034672605415
0.082970751427917,1,1.07625646993458,0.589554698864734
0.0836956185791894,1,1.46949519387047,0.691764776450804
0.0838221382842985,1,0.127933137838557,1.57452978108211
0.0841598365029746,1,0.168436128424487,1.21914473385933
0.0843395135172237,1,0.760080494145678,0.6896661972278
0.0847062457731805,1,1.59607068994272,0.643027283836019
0.0879469333923704,1,1.3271714529541,0.026986448701633
0.0888463272854104,1,1.45106144892899,0.587873634172122
0.0905661739285571,1,1.34117766243656,0.131496212456917
0.0908849476792174,1,0.491463625932275,0.925349141689963
0.0917497897787394,1,1.55660724827592,0.388432530251528
0.0931232401762328,1,1.19770684429378,0.268079793277604
0.093860665296272,1,0.309269087303478,0.689167147851567
0.0941677140868046,1,1.47069423059713,0.345346971756002
0.0944102970182998,1,1.73115281606628,0.188762315599866
0.0955965542538061,1,1.32169124441049,1.67750707107193
0.0969132293397945,1,1.310760927329,0.66696784537291
0.098358824719888,1,0.645934559504494,1.41120967932077
0.098409349958619,1,1.57336625549848,1.38481867107068
0.100492843230977,1,0.190961506165866,0.708566857423181
0.100777541807471,1,0.884525327281908,0.649123823257049
0.101412079321862,1,1.42618518891679,0.151206383712267
0.101417935824993,1,0.898825817058616,0.13726447473643
0.101666211188178,1,0.0402969326386286,1.48356762102655
0.102298707376722,1,1.66769521163183,1.28745374590575
0.102873603865423,1,1.36320865104188,0.00179614189535523
0.104472823427567,1,1.0675450611227,0.874370398994745
0.105583573411532,1,0.638715479287715,1.24718778071631
0.106423266987157,1,0.0354514358210674,1.02084790239098
0.107640374538638,1,0.403772272137325,0.550579362510662
0.108536610651336,1,1.67035216594341,1.3753746306438
0.109533342741196,1,0.0440224329192883,1.47251420924189
0.110191749308468,1,0.275636344891324,1.50496593403879
0.11072035771937,1,1.17282010519359,0.403707486088198
0.110954054389003,1,0.981371138147645,0.7808615414902
0.111196465672218,1,1.65247510919325,1.2035496538818
0.111395025063976,1,0.38425592146444,1.36790508429457
0.112066668104533,1,1.6956188230985,0.0506045644463404
0.113263260396011,1,1.31467994855917,1.07321585316433
0.113913861106464,1,1.17894852749693,0.86713824058579
0.115296665645706,1,1.58494349061872,1.57172038053912
0.116327824200933,1,1.65136598292061,1.08849125098986
0.116813506673299,1,1.66079448316447,1.18653284657665
0.11681382357537,1,0.648380765786282,1.41923427132426
0.117054186574623,1,1.64052873473906,0.165347429235086
0.11714578246246,1,0.364032959657395,0.611622635883418
0.117988793970185,1,1.18512761478936,0.423300329465797
0.11801915334839,1,1.18634250302696,1.44566959863583
0.119326413921116,1,1.46740043849632,1.40051259120959
0.119400038430013,1,0.805174331847013,1.26330624486349
0.120983691612199,1,1.64771653456563,0.998510194892597
0.121840445405244,1,0.0305533822537244,0.277335372640185
0.122363118866154,1,0.276251582088286,1.32181137061003
0.122380794968183,1,1.45168133426789,1.18444404595383
0.12378288309899,1,1.71316120878988,1.55724090664896
0.124101482371394,1,1.0837385690093,1.32414238233619
0.124162371798204,1,1.33532045473892,1.48101357672264
0.126203717613396,1,1.70033618670124,0.70865500193815
0.126896528760047,1,0.0304675061578429,0.444926985374449
0.126957283384326,1,0.982278782832056,0.221241692122979
0.127774677640399,1,0.021528471874897,1.32413701555909
0.128369440150227,1,0.330530178503391,0.592744003751289
0.13036703277795,1,0.917282950711525,1.64393280588256
0.130774976891277,1,1.68792265865792,1.6402241717515
0.131421364747262,1,1.54774427438741,0.321418212854031
0.132297207286666,1,1.62299114075534,0.643458333065326
0.133284018275771,1,0.679590786204135,1.65870810380177
0.133300666929592,1,1.14144641178539,0.0274886395862552
0.133836236422789,1,1.19081713328587,1.47077180569061
0.135132704238596,1,0.13946703062817,1.67464496497087
0.136811163859133,1,0.342820246073574,0.29985684023197
0.137206057061501,1,1.69576627840465,1.5298785928012
0.138605953424371,1,0.652057940876534,1.55927015048315
0.140693514335147,1,1.68997525369901,0.439789584759293
0.140837681813788,1,1.26918819546835,1.24421579199139
0.141000593361035,1,0.748567841824211,0.892927630218932
0.142441886946392,1,0.911842221128792,0.521592539993329
0.142466708622726,1,1.48457376187918,1.13389746512227
0.142774251684127,1,0.892190025826013,1.03752390644523
0.142987791754484,1,1.11545491871474,1.52113748887119
0.143968366364942,1,1.5953677304592,0.0383567612540386
0.144445921582785,1,1.66370613274822,1.55784193567858
0.144850427303777,1,1.48225582431245,0.524237119423463
0.146960228865384,1,1.30305644010919,0.0418039323601954
0.147425384570725,1,0.697895399019845,1.00534528599836
0.149181099301139,1,0.843518292765009,0.575545484583943
0.149201603918976,1,1.69338835940123,0.815117302280876
0.149390429899293,1,1.39383740288083,0.888819030047535
0.151016141120211,1,1.71409822677936,0.294709278712403
0.151186280815171,1,0.648757378200068,1.32786628040725
0.151514277896242,1,0.810596464829252,0.615967671460706
0.151643162028627,1,0.742316200609155,1.42715322879753
0.152120568282678,1,0.923939457752143,0.489825792266531
0.154992794553582,1,0.408367038274364,1.10608649185415
0.15503574371607,1,0.561987129182661,0.917586227656692
0.1550526731711,1,0.425137925560554,0.930837687127405
0.155163138312027,1,1.70007168419639,0.0956717134409765
0.155180703579338,1,1.20738915825175,1.09653709112371
0.155381885696783,1,0.159435125368102,1.53554535935673
0.155926978068067,1,0.860997059483676,0.356276156442688
0.15601403057862,1,1.43480708006401,1.11392504526328
0.156745295155321,1,1.02980011124871,1.19812913722377
0.157109363470901,1,1.57368470766325,0.36628522114817
0.157616646962967,1,0.608885698526294,0.564491548945703
0.157897053378089,1,0.190048111190297,0.480171722445028
0.158842268531996,1,1.00619342107726,1.56774084393683
0.159084933263589,1,0.954719213712875,0.604510587946294
0.15916119716081,1,1.70495547273469,1.02732384286899
0.159748070741052,1,1.46091923205982,1.16622280247968
0.160415918857838,1,1.6515726010162,0.870992047892582
0.160657446476103,1,1.3416695940178,1.59198911561551
0.161871427647187,1,0.537962837373527,0.543681331143183
0.162074722264572,1,1.29356353370079,0.0682900867772002
0.162104611127145,1,0.952307357950094,1.27560324431913
0.162245488529892,1,0.358249158807953,0.179916692596916
0.164642372825566,1,1.39937925838482,0.24583051379617
0.165107915811887,1,1.6994839761302,1.13958281980953
0.165885112898449,1,0.563650480445944,0.909427281122602
0.166275476146689,1,1.08773297958514,1.16558905014367
0.168274007929486,1,1.53851107796965,0.57982668987268
0.168384874511522,1,0.360062025303553,0.510757079527655
0.169208643720188,1,0.689918845075316,0.0507171469929991
0.171594453325745,1,1.66255686614451,0.748608065229826
0.172610962974042,1,1.42128568598088,1.6232877556057
0.173019951695503,1,0.587301571140324,0.914124081758364
0.174045283829666,1,1.16557529082086,0.80650736378669
0.175642319623004,1,0.975186663914389,1.65982951946165
0.176177219237816,1,0.885355371869816,0.102740192810472
0.176182300417938,1,0.668179464264105,0.20534334931489
0.176744432550689,1,1.53760994979795,0.2670394563601
0.176879088927661,1,1.40261735101764,0.881450097864227
0.177020313651289,1,1.29534154558426,1.37043143654481
0.177491957354299,1,1.62432520870722,0.638131022017299
0.178769115737216,1,1.40202362327292,0.79727748389845
0.180476026665516,1,1.67010290277881,1.07514376540726
0.181366591824479,1,1.48169528242996,0.0977205919042384
0.18179648522186,1,0.540717292975121,1.53293375729591
0.182867191894191,1,1.0693374646634,1.31794026403682
0.183902600634573,1,1.44060856369392,0.498760156227441
0.184530211789448,1,0.0169051635815366,1.67910065463614
0.185702035828495,1,1.67657578643608,0.447898542595645
0.185722293021426,1,1.38251487835719,1.3461946138293
0.186163557262028,1,1.01749849873601,0.343250473026167
0.18734415167281,1,1.73147859774516,0.644312600739614
0.187462198036274,1,0.0889790713916691,0.740338859816772
0.187561386028245,1,0.815523717890358,0.603989571804533
0.188254016498766,1,1.50956628915718,0.0935550054159035
0.189223819983546,1,0.707069736717148,1.4933030530924
0.189472039657282,1,0.940704091863868,1.17983514585196
0.190248391794641,1,1.1751742664894,0.0228756188255012
0.190762885373306,1,1.39910210193258,0.645612150410291
0.191159184553459,1,1.51833606066188,1.27008192879546
0.191370804855439,1,0.0622078184343312,1.15129923947912
0.191954549956754,1,1.22273185089709,0.44558449138531
0.192783354967095,1,1.53242427238533,0.71517449122334
0.192810472302068,1,1.039684817792,1.18584173247514
0.193193548647632,1,0.380991923687284,1.4319419631155
0.19621359662976,1,1.67038030442195,1.09777144259871
0.196431333696078,1,0.675046383003573,0.281015079084501
0.196566124467217,1,1.38678966230599,0.0251676597166615
0.197789816076975,1,1.47429049833667,1.31695315693425
0.19785678459371,1,1.65832749816384,0.108564810282324
0.198325035676815,1,1.09255656569233,1.43531702954683
0.199451976238351,1,0.713735169835646,0.675004305341787
0.19973296793533,1,0.488432736143075,1.21669102626849
0.200112720027102,1,0.794630859463305,0.922155243103529
0.20095984224425,1,1.33222842409883,0.430945532510537
0.201008711434475,1,1.59076807179587,0.8061275816353
0.202175423017509,1,1.36264178258898,1.68242296751972
0.202222590964389,1,0.983501222788028,0.680501089274079
0.202524173754862,1,1.01071183444583,1.16559485769981
0.204050107218164,1,0.700555378696751,1.10926383642545
0.204053469970867,1,0.117468432627767,1.332649600765
0.204071808624282,1,1.68138889869784,1.00461085497251
0.204094026513033,1,0.050178349671792,1.6779515199032
0.204179550289585,1,1.22038971726337,1.25336915376862
0.204276997839524,1,1.68055501654975,0.664713832864237
0.205275996550718,1,1.08938687890059,0.63497130175166
0.206271925296664,1,1.37537393217236,1.34060435691602
0.206463534700673,1,1.46594354482537,0.89041043996216
0.206845298563762,1,0.0447075237127979,0.565739685956368
0.207059235246296,1,1.17838006852938,0.658467059575722
0.207296714321157,1,1.35618364627706,1.49376172702853
0.207596228821545,1,1.2465412353032,1.3799400577541
0.207608260640143,1,1.08091286448137,1.42657348862899
0.207812059682799,1,1.19259435596113,1.24285765379417
0.208762082379891,1,0.276980628189673,0.973852643145628
0.208835794920655,1,1.60478676706026,1.30413071822208
0.208892570018007,1,1.01560749336917,0.43409092564286
0.210018400590068,1,0.822711818559712,1.25808228419889
0.210901831515097,1,0.115357591036909,0.968582407941478
0.211612170053458,1,1.07619660020493,1.0439823661833
0.213005543159772,1,0.936048018726852,0.339346769371497
0.213876389751172,1,1.12612152612906,0.0497857470206336
0.213961701800721,1,1.66432371659952,0.806170880009011
0.214494157505073,1,0.057725120265683,1.06049475814166
0.217601591124939,1,0.668682018095782,1.02083688372169
0.219442362404014,1,1.19351215227464,0.99001555177266
0.219488748720987,1,0.902051179525156,1.07932913412313
0.220308429421818,1,0.461747280239816,0.8795926646966
0.220420957364474,1,1.69806464546296,0.931392517433082
0.221438146322543,1,0.613457714335444,1.51319870077745
0.223858234028037,1,0.658804690669367,1.398443794212
0.225219850932234,1,1.07607652360816,1.46490049669337
0.226895949488873,1,1.56846435307927,0.12982234823058
0.227815999916234,1,0.874978660752604,1.32377203237219
0.228753056132913,1,1.65349649261232,1.50465354591274
0.232531918168581,1,0.0554277867999274,1.57322592766592
0.233626523690024,1,1.5004171988635,0.370416062311757
0.234379348770265,1,0.597684820547075,0.95221910818048
0.235296385100157,1,0.6721185004112,1.3177433156573
0.236175757177951,1,0.49044869934129,0.498495178261955
0.237115549918427,1,1.22738093972297,1.44955423829486
0.237541824760348,1,1.15939220949774,0.315160385408078
0.238328856889238,1,1.24678686415797,0.358271193726872
0.239068602492673,1,1.62118002406782,0.550669449195644
0.240272405469974,1,1.11361691934548,0.0414011296869981
0.240862611092381,1,1.67960840425653,1.68156478687292
0.241492562010929,1,0.22157584820022,0.0664063056698304
0.243878601690814,1,1.45447807925038,0.84034284398715
0.245021251483837,1,1.48139805621546,1.2872220772045
0.245223234787946,1,0.257449989501099,0.296440466393163
0.245861846375666,1,1.2012496305751,0.972457882380842
0.246887339548676,1,1.19459183628226,1.60853802448351
0.24716635163106,1,0.776800266791714,1.43926822119403
0.248022071191438,1,0.659657804978572,0.464949228991906
0.24849758651335,1,1.30541415788286,1.19907693151457
0.250006718608844,1,0.181727710885463,1.08520114401146
0.251036125588408,1,0.319583516706235,0.707828288397647
0.251334146781584,1,1.17723041236251,0.185073848420217
0.251666351279936,1,0.649565942371501,1.31697620891147
0.253505068246177,1,0.99305958629433,1.22399066177734
0.253832468212613,1,0.0584981773268303,1.4649219319431
0.254999964343428,1,1.19667353645089,0.815526960217373
0.25542094082279,1,1.30897654935421,0.592067556340232
0.255578754626601,1,1.58957422642191,1.2505485550992
0.257078657801833,1,0.17926442189567,1.65620216933969
0.257088148364165,1,1.32900456262,1.31764403552344
0.257169196988941,1,0.960836347153019,0.203485585865444
0.258005655809676,1,0.977865528936335,0.222110466791013
0.258729705767824,1,1.26733897417946,1.4429296008285
0.260083755517045,1,1.65582745876847,0.554777682387242
0.260444095382734,1,0.720891148884177,0.913636073634786
0.260572354033275,1,0.283261139423223,0.276274763919895
0.261882915242057,1,1.30236413029878,1.43158447155906
0.262331830732205,1,0.958725523306239,1.40184105687205
0.263765964976043,1,0.495534422748358,1.6139954754403
0.266899673715847,1,0.525362377482823,0.609005218200977
0.267048297842462,1,1.33099711291032,1.05417595397755
0.267249340335755,1,1.51533935564587,1.68773041245912
0.267393275657525,1,0.981687908657727,0.742006519664859
0.268725111476067,1,1.44038387043178,1.14864225411541
0.26941177172684,1,0.971134087443688,0.973880608216133
0.271766332424958,1,1.22872150079764,1.02545414531714
0.271958973508899,1,0.899085254032413,0.256500575659897
0.275257769719027,1,1.05331032041463,0.988079562344681
0.2777301707551,1,0.862960063464154,1.11201073950213
0.278935092665267,1,1.50418448886795,1.56362292691455
0.280108018998013,1,1.38270587037228,0.215795208619618
0.280297556470673,1,0.733510428386177,0.628608845542097
0.280697405385329,1,0.722455412778815,1.54991664639233
0.281728204003451,1,0.440501458222461,1.672788301251
0.281845815766625,1,1.24059289563305,1.42633072181338
0.282049136842582,1,1.42856493475371,1.71228620070783
0.282806299255243,1,0.665970694315528,1.51793502876703
0.283513452300856,1,0.867706011163763,1.02645385837744
0.283681914160834,1,0.628531543465453,0.697790333913222
0.284266056993556,1,1.13340090999885,1.01633208248074
0.284410369419757,1,1.47361469939101,0.246655279520816
0.284562666038753,1,1.51397824087953,0.948199626835254
0.285829452473034,1,0.921128000105907,1.61874461344451
0.289360164139895,1,0.370737894320144,0.673632813919178
0.29042565087002,1,1.0064219990827,0.461852332441654
0.291134853066875,1,1.51976760409421,0.926934624275923
0.293251431576829,1,0.362517056038046,0.60521458707149
0.2955376686343,1,0.297441053752596,0.93374799703325
0.296007721465868,1,1.36108004520911,0.88934859399569
0.297498818699503,1,0.526391449330322,0.762499226142033
0.297800466069864,1,1.48292558543222,0.817994313407622
0.29789506701562,1,0.451615920121237,0.9043647544683
0.298199069347493,1,1.49339076086108,0.426849230195151
0.298971791082345,1,1.23565797551707,1.22729554150737
0.30268038806863,1,1.30826945267755,1.57448338394711
0.304495967617524,1,0.407328402771993,0.145032674891905
0.306299925835039,1,0.602317171061373,1.47657330908097
0.306855864447767,1,1.49475461023183,1.34864270098338
0.307544385180173,1,0.920347824846483,0.805399483632272
0.308986609935802,1,1.10474118625493,0.526843732575382
0.309069405418705,1,1.1924909059689,0.346318022484186
0.310442049642584,1,1.60256576418287,1.65143566714187
0.311292901668556,1,1.70603359969945,0.68848598938775
0.311353136603486,1,1.53314557803588,0.516329360479908
0.311710240534344,1,1.04702122064396,0.980818556500604
0.312095759618428,1,0.142196165026908,1.40501470906199
0.313234455941939,1,0.659680880345712,1.16434715501579
0.31466014547863,1,0.353700813599111,1.60325505548362
0.314662738113658,1,1.61812405625029,0.858958356039433
0.314720585664854,1,0.524260751712693,0.647678668100374
0.316133547342474,1,0.901169610166922,0.0851728617680778
0.316264843267014,1,0.876070064320597,0.131881727155386
0.3169074235817,1,0.87715569501406,1.07527087148192
0.317430068794888,1,1.39760569703879,0.86698055380219
0.318167923631651,1,0.268592766109375,1.33957696470683
0.318915083231478,1,1.37181564240599,1.14627955549833
0.321059506430444,1,1.72598152910107,0.207323774753957
0.321699739860508,1,0.293306295987022,0.29244611993797
0.322553308180106,1,0.961468198856285,0.721843251356499
0.324600149437285,1,1.69610434826095,0.392078438259633
0.325363610195915,1,1.43568840140843,0.02535662447082
0.325984254749272,1,0.324382546219031,0.760754942928292
0.326225809616382,1,0.626351745160544,1.51924993351774
0.327063914816985,1,0.901076517473785,1.72259102854791
0.327450457535613,1,1.58725686190824,1.38919844673015
0.327847364933569,1,0.367593835219881,0.764883067231544
0.32852672523478,1,0.992717574429745,0.539058694705146
0.332324277271225,1,1.64625070513822,0.417030469518457
0.333378770391471,1,0.944046598314985,1.70220848980967
0.334462519844417,1,1.41320618976672,0.162551086720547
0.335603511523999,1,0.715723835785935,1.0186807939249
0.338825329410998,1,1.22352797082387,0.852139297918144
0.341615455643353,1,1.00715547757417,1.69479682827297
0.341660433914588,1,1.18490647598869,1.30766534626018
0.342253457557655,1,1.61940316514616,0.833087934443756
0.344106645230589,1,1.26174760705146,1.72396039673026
0.344190720669047,1,1.61999032879178,1.23024736973327
0.344401456531255,1,0.24932913788979,0.746500004216676
0.345936266654966,1,1.12690245067251,0.136597278442503
0.349760022879231,1,1.09245747872696,0.792126067477895
0.350712390306132,1,0.353365690066335,1.35766663301826
0.35141630000201,1,1.01567272423008,1.07893818852691
0.359095397516962,1,0.918752950803865,1.273464532024
0.359507597716291,1,1.40696609551055,0.0809164356812617
0.360187321010023,1,1.41735183836356,0.845497098653666
0.360351994454198,1,0.913884397573066,1.66099861265309
0.360932230917448,1,1.33991344283867,1.15331848896127
0.362924796119936,1,0.246782683212059,1.34582062229652
0.364656245893922,1,1.65179886704891,0.48374957062158
0.36499604671898,1,1.10175361339007,1.01486379953124
0.365222763340475,1,0.699486860956881,1.6593000188276
0.36601256857081,1,1.30162951134702,1.41562276061501
0.366720580427762,1,1.39389601116782,0.0340382881585295
0.367081642083506,1,0.213154811952644,1.08391789267988
0.36737791466939,1,1.55600513201823,0.668876756531019
0.367381512903338,1,1.06819134642375,1.07875166761625
0.368679085865075,1,1.21217865596836,0.89303225615962
0.368732787123603,1,1.65473701741344,1.32690894625478
0.370080160491095,1,1.26524542056333,0.824317987917922
0.371612510930105,1,1.03163003181982,1.660023477964
0.372116579292372,1,1.59399210144017,0.141106156385426
0.374051520715217,1,0.724516444322541,0.795876622396962
0.374215097916048,1,1.65061416189159,0.862031363414595
0.375465536400164,1,0.33340472521964,1.14518403651402
0.375920970648667,1,0.279357538200278,1.69263874146083
0.377639138767281,1,1.04012775152095,1.69762504923381
0.378047889829507,1,0.79194432093409,1.37103554860802
0.378205740831535,1,1.20849539385273,0.420646510613494
0.378609465254605,1,0.143856198147569,1.53788276782308
0.37936341645958,1,1.72241148630255,0.515326818448953
0.38424950453783,1,0.358454210182091,1.08535307405151
0.385227972794451,1,1.23184333261704,0.444091096935697
0.388362037404131,1,1.70258367906772,0.596905613549736
0.388454726141539,1,0.32306671434024,0.877689861534134
0.390552449775648,1,0.948641065222342,1.04189969170348
0.390699537403281,1,1.72702511157178,1.09440211315049
0.392816995435314,1,1.3776784548127,0.412545802966953
0.393514376343484,1,1.41570025021429,0.843477837879829
0.393540072088134,1,0.491368393464617,1.14680023046986
0.398279127486905,1,1.51381005605403,1.63315861007304
0.398912157242307,1,0.957597294323605,1.51500262829039
0.39974749363976,1,1.11207395479706,0.766054868814551
0.401014434134007,1,0.0412099884603395,1.72862448615787
0.402381053802752,1,0.931216835734548,1.27415760361995
0.406009950684342,1,1.27192832877592,0.87345619585707
0.406085517519396,1,1.17784616696066,1.18528767605324
0.406924191538934,1,0.986050860914696,0.679098387631027
0.407301240283631,1,1.29641984797342,1.58486750442679
0.408196635920146,1,1.28750501782296,1.59925247335649
0.408864531999471,1,1.19585263167635,0.88546291792119
0.409690522336872,1,0.00361663390855868,0.36807399521833
0.410276761499265,1,1.13949872578369,1.60736184454921
0.410306210624254,1,0.48182092885507,0.145800490191045
0.413081110098805,1,0.607904624410304,0.276323868236644
0.413128591635704,1,0.59237376468777,0.469908848058183
0.414562823446945,1,1.58786834219992,0.206173885091144
0.415981087068173,1,0.68995457761605,0.321959735907614
0.416704172539449,1,0.446856779296218,1.42950777401067
0.419832054661663,1,1.47475149190775,0.502835999217398
0.42039210877811,1,1.17614286934134,0.0810768885246869
0.421477694305855,1,1.39322931695065,0.672383688079429
0.423069486384517,1,1.46500897067938,1.1786615529236
0.425878484923063,1,1.53232772967881,1.09772626133634
0.428321847462122,1,1.58478776011975,0.0307562825616558
0.428876698575483,1,0.887681676575966,0.350112270985978
0.42957731486073,1,1.4609069422693,1.05440787674174
0.430237597437858,1,0.227570030502923,1.10148263510323
0.43111238972714,1,1.36104549950524,0.0429847640659044
0.433230303623209,1,1.22349643637072,1.0551684347129
0.435230039458099,1,0.960027977359897,1.60434004940664
0.437244208132688,1,1.28966736160077,1.00736927435921
0.438222045259854,1,1.10993907441627,1.59427933168954
0.438454459802969,1,0.740787420434882,1.52924380727591
0.439273679176281,1,0.650757521746026,1.1526514261512
0.440727708114042,1,0.363422545220231,1.1100441330705
0.440936774858828,1,0.0214065712675404,0.526795575953718
0.44167890346848,1,1.26841265504281,0.900988125751545
0.44340401427218,1,1.22664714667739,0.00577760574650552
0.443424357506787,1,1.10571479455002,0.00979659550011071
0.443651371979695,1,0.231933075513028,0.950176659525916
0.447128646705325,1,1.66161744947828,0.904781041027826
0.448549014395234,1,0.814403695140614,0.404951482276252
0.450323216767363,1,0.625676201890926,0.265422738953953
0.452209214637777,1,1.10999146461368,1.53888417181338
0.45278841944322,1,0.383640315271307,0.656324840405503
0.454376704644076,1,0.556681671176751,0.691086518740496
0.455956412159278,1,0.789552568808627,0.905438338545768
0.456023726077784,1,0.706348145951523,0.51427268430083
0.460214149809757,1,0.343520302787215,1.10313568915532
0.462742529094711,1,0.641128526726655,0.164071028730783
0.467112824178884,1,1.04070546039581,1.63765382991505
0.467320139610483,1,0.756901083195814,1.07141876236407
0.471378836267187,1,1.27429718700777,1.43527248868437
0.475458668620927,1,0.251955748617832,0.833040922315134
0.477542463993456,1,1.63958407873046,1.17942349170667
0.481100217191192,1,0.767117664089204,1.00920781250321
0.482730920392468,1,0.979682020466455,1.10087867749416
0.483608253624324,1,0.655751911543344,1.66781281051005
0.486412383943615,1,0.537067237288738,0.0556710742429222
0.488375988416968,1,0.469211965518166,1.56452752526336
0.489447410941227,1,1.51494932991879,1.57391030788975
0.490889713948143,1,0.574494704469873,0.574855927122023
0.496884499460024,1,1.5235961494795,1.50185180234277
0.496898016789868,1,0.529141766125677,0.928843124900587
0.497063980992626,1,0.50508782799463,1.18474413783696
0.499637663980556,1,0.190424975247374,0.853058112096503
0.500818422871054,1,0.83583714546042,1.1750183069305
0.501619484221234,1,1.36132954872531,1.27950288578971
0.502248102088756,1,1.24863115904552,1.51808207716921
0.503142597135011,1,0.160001855094579,1.10598477634556
0.504160896683047,1,0.614832002466741,0.863220079943413
0.509546466690055,1,0.823839162354809,1.00287275073073
0.509550216524924,1,0.681251991240505,1.33560555973164
0.509632172130777,1,0.906208503725445,0.372029536987614
0.510414853151822,1,0.132812883953226,0.438252787487873
0.511849508788068,1,0.938091110200976,0.57003682623387
0.516588904894711,1,0.378560298198476,0.567481059141285
0.516911378910214,1,1.10059266916654,0.853887020256858
0.517590116385163,1,0.867513859734471,0.885247601194544
0.517905653660287,1,1.09337064827208,0.160212115162216
0.517928893544474,1,0.355898555199817,0.119822162823135
0.518702783273858,1,0.864435740854967,0.414546464317374
0.520736349375696,1,0.729859389516553,0.469935375051806
0.522479741392083,1,0.683627138538251,0.98802473878891
0.524257835057715,1,1.21503973492926,1.39220294462268
0.524326332655218,1,1.19165864417777,0.163696030624838
0.526592021269592,1,0.66131298711022,0.182836720208493
0.530694962265455,1,0.141562034822692,1.38360860196341
0.531039126192248,1,1.09585546324837,1.08452252698357
0.531771163819297,1,0.386525055153929,0.499372830614927
0.53239296048208,1,0.708328944822781,0.370907391400879
0.532957028003617,1,0.161830234350539,1.32873679359167
0.534321883835911,1,1.47363611447702,0.716369152421628
0.534955689799449,1,1.43935879019532,1.04827589191142
0.535336366842346,1,0.183848625870165,1.32318532402349
0.538484149478069,1,0.293895336068905,1.41695618937679
0.541148691716108,1,0.0566765283190738,1.08918180010378
0.541654644604559,1,0.633021707455001,1.31909033799608
0.543430776208517,1,0.745862820014638,1.25970485110172
0.544355668226574,1,0.0435491600428253,0.316166658938023
0.548179519118725,1,1.1161559731295,0.719913581240003
0.549878695598489,1,0.297903074060563,1.64759463274845
0.551217713999143,1,0.556940962165177,1.20289027990343
0.551274092065574,1,0.0127920552044551,1.47526560197362
0.552623856796372,1,0.233403770447339,1.71507156730018
0.552763571239303,1,0.533978309845967,0.336969852908501
0.55381084114206,1,1.00251241326611,1.21521751042902
0.554765283883243,1,1.38199024887587,0.250838245930465
0.560804197797061,1,1.00274022867947,1.20023830643526
0.563464353097086,1,0.585273187490649,1.43081168711148
0.570598635823222,1,0.148268484991029,1.66336998368838
0.570611839826789,1,0.441856884801914,1.08879562484168
0.574469720063577,1,0.607914838143676,0.737192510520599
0.574641909448459,1,0.241051289900833,0.501221797034335
0.576340441235003,1,0.862653802287655,0.990242490870523
0.576385372618532,1,0.370694344706417,1.2666278471774
0.576890885848226,1,0.371039848928211,0.234481488895026
0.57762840308268,1,0.624214920996644,0.562796343432595
0.5776730091643,1,0.788810708256588,0.570186214837994
0.578974260841037,1,0.31646851958313,0.587430821425523
0.58357346239974,1,1.22466348173423,0.489810625515696
0.587199851000085,1,0.101853027615216,1.59470739870388
0.589503347013513,1,0.0604689721674585,1.28781428944363
0.591199885640291,1,0.280605113852832,0.0650400185047
0.59128789309676,1,0.722728251370941,0.480853435814563
0.592058618117798,1,0.488152455119971,0.0044945762158998
0.592291844461087,1,1.63501710304607,0.286803232072394
0.596657070010827,1,1.53719783712955,0.339898873541525
0.596689086696452,1,1.37738580011798,0.158277124645183
0.597832636320982,1,1.30777050855596,1.15134098645581
0.597995341226451,1,0.864554933877301,0.740836421916633
0.599085761608275,1,1.60199834808318,1.02572892164326
0.60078960751518,1,1.10794769200892,0.519808563679947
0.605087793112458,1,1.33030483092584,0.0349258780018386
0.605397260503885,1,0.390363604569849,1.55913361907678
0.607922986695036,1,0.957750499920913,1.1714336438181
0.608009184925606,1,0.831091099361831,0.809591199082294
0.608847184273735,1,0.15608906687515,1.19026557474625
0.612685751499909,1,0.00193507802759991,1.18662223640329
0.614158374015392,1,0.822991204313416,1.69396595858543
0.615058732942332,1,1.57801960209657,1.67409920471207
0.617592485515005,1,0.977927227515856,1.14402604103367
0.617749057312886,1,1.11717429972783,0.00229854732201379
0.620185191616077,1,1.55749029240901,0.337903206342566
0.62081580730562,1,0.185216282152238,1.3400705279367
0.623324049080036,1,0.258485589556275,0.794365419345236
0.629914032147518,1,0.695410273925464,0.749803049450991
0.63014169854225,1,1.62518837423017,0.522087117458583
0.631395909786776,1,0.221893730538111,0.218022185605518
0.631595673663785,1,1.71194205995714,0.355242574776406
0.632178192461412,1,1.22629118312805,0.666416000105113
0.632850058137619,1,1.20006564324639,0.511920052625212
0.633948494907474,1,1.63645177709837,0.553929576747381
0.637577034428377,1,1.5740441571174,0.147091757409951
0.639215513106231,1,0.803225723959792,0.871476418883406
0.640777455720162,1,1.2045405029685,0.0485248003986125
0.641765142822361,1,0.308782090189082,0.451366488387894
0.643901165759765,1,0.850642349813599,1.43340761711851
0.644054546224966,1,1.54839877398685,1.06234423994589
0.644913922440838,1,1.12721498236428,0.042910073998225
0.645777743190288,1,0.337548250576213,0.20760980082565
0.646037276294247,1,0.348292992829033,0.593732888084605
0.646354466230065,1,0.351992039108755,1.14379667946586
0.647150321930349,1,0.652466263167873,0.222981567143113
0.648514196387283,1,1.14138366549871,1.006631459457
0.649415682280546,1,0.78325486638623,1.59416563005613
0.651332668680178,1,1.08619573346919,0.582796738443955
0.651698070772322,1,0.831044338876501,0.396853668930828
0.653830153834037,1,1.56355423676495,1.48314004842674
0.654723988347191,1,0.298429800166031,1.45910287925613
0.654989437132602,1,0.577572773343339,0.340900593295766
0.659069485257007,1,1.49452912050254,0.0746650299785159
0.659131252334883,1,0.27210779782948,0.0803854243809103
0.659435675459191,1,1.12196064706402,1.17703075478486
0.661440575357166,1,1.18565061746133,0.302558143850613
0.663244886076875,1,1.03543299064763,1.44934902198145
0.663801559718199,1,1.21646235591318,0.683271691583552
0.673358147449474,1,0.310639388663025,0.265837753182417
0.675423819946105,1,0.032031048191118,1.46691418421356
0.675719860704054,1,1.04274489739638,0.356079616580239
0.677041636675493,1,1.19957364714124,0.985036843304444
0.677772752964178,1,1.22054681687929,0.528995127047125
0.681380798957653,1,0.923402865132651,0.632581702305501
0.68154187101,1,1.25308493073724,1.06639633208391
0.68188130934055,1,0.158577394372371,0.679513692620409
0.684465318838568,1,0.566177818299069,1.45841560352136
0.684736926476846,1,0.987364227979716,0.547899594153827
0.685828388146082,1,0.903805555086643,0.7077650448735
0.686118388456029,1,1.04290912045314,0.830974719985714
0.691401424196879,1,1.25636703916911,0.0420363192933372
0.695385170470974,1,0.429735072630267,1.45182758539637
0.697725295881579,1,0.71801321183917,1.51987246756358
0.699262373245543,1,0.20712430832843,0.431583201045255
0.700165624289225,1,0.660330776969951,0.764636424141398
0.700467749782154,1,0.631209245847003,1.22462105483672
0.702940321398465,1,1.08363240941567,1.08315900305535
0.703629100725051,1,0.15153053777525,1.1447464534312
0.704036366611775,1,0.168328985647617,1.11031078623828
0.704407799522814,1,0.238524382744878,0.8936175760342
0.704518245427248,1,0.95721578373769,1.28491257493057
0.707534740583715,1,0.239927041237557,1.10233601275069
0.707621140452176,1,0.164830208309686,0.981030833747311
0.709600115203109,1,0.443640391703773,0.347910634156834
0.709834482352293,1,1.02125960371939,0.0371541575643878
0.712059351798718,1,1.07912422712127,1.27695959157427
0.714406839915068,1,1.11246242106163,0.621021299459795
0.715450102837539,1,0.996326427560016,0.00568519458728071
0.72114264536171,1,0.130494014419113,0.467835429938056
0.721662787151568,1,1.00415667230454,1.38548698725791
0.721921576903483,1,0.0333004672072013,0.645515512530986
0.723358127313725,1,0.545009488703925,0.873025340602799
0.724085250841889,1,1.02692140959524,1.05169910004326
0.72550418379727,1,0.46135260435443,0.160619130440886
0.727660125035918,1,0.077909358041721,0.629038886988418
0.728089454509052,1,0.0799995810137197,0.475993662676273
0.730313243402372,1,0.229775062903394,1.69609996587691
0.734037285903703,1,1.09912369621437,0.619713645181404
0.734882971909227,1,0.0437271170161126,0.551586410327655
0.735513543564915,1,0.0181128828082752,0.0399489829602408
0.738143825557746,1,1.22686990301209,0.78797414231667
0.738254414203268,1,0.840831723586932,0.977617925649594
0.739254309512357,1,0.335581687698234,1.20487247450775
0.742441413749252,1,0.261343602824394,0.858567109197159
0.744874866239714,1,0.366406172044069,0.915665942544461
0.746310106068227,1,0.549138591754399,1.2079123968393
0.746846560874971,1,1.30192719326171,0.588499643637644
0.74878376323,1,0.700465299673985,0.641370592247902
0.748860123766995,1,0.617134869261971,0.463130853363301
0.748913472120871,1,1.28054644930653,0.0728524284342649
0.7502779529174,1,0.0746075436011928,0.241897398525348
0.751757487669386,1,0.704921937840886,1.08521782223514
0.753812435430105,1,0.791176446353598,1.17734596905863
0.754074760069905,1,0.712331559211861,0.140489654116345
0.757963969464754,1,0.44410987783264,0.801246062322636
0.758204317706778,1,0.0694083742367523,0.259834044729371
0.759216409705064,1,1.40768453710557,0.713613849943575
0.759528194814415,1,0.456758122122642,1.34394016941364
0.761019068106785,1,1.07081826726989,0.375664768303216
0.761180404709642,1,1.06785256962724,0.896137934818753
0.762711395664882,1,0.635050137077969,0.623191321180894
0.763471434812893,1,0.503949193723234,0.16029046655912
0.76355347014798,1,0.584610321558349,0.00877403250311135
0.763949015999187,1,0.604884487935763,0.44488325025445
0.764312351054514,1,0.114540437118533,1.14061488677678
0.764891944109887,1,0.623557867863051,0.581924107261836
0.765212274015129,1,0.196388368751492,0.647923686800816
0.765617474109949,1,0.921550788256991,0.378682548444828
0.766731869257039,1,0.017841164109448,1.2969149771182
0.767608426283649,1,0.539637601708558,0.405417934974297
0.767785778322342,1,1.17553523225569,0.581168766856215
0.769241007905532,1,0.136079916371027,1.41496076212617
0.769834822014842,1,1.41942407972868,0.0851739800482784
0.770109749544662,1,0.309584978271866,0.259488961929435
0.770182026601608,1,0.522769107877703,0.497168190197275
0.772230847703985,1,0.492281727545736,0.321074955677777
0.772299366762397,1,0.717772421471907,0.84812398078545
0.772836416539336,1,0.668033379687996,0.847635727067699
0.775802224581167,1,0.57054146378491,1.18522921899418
0.778122862693858,1,0.382248994034769,0.198262207932506
0.781247055106,1,0.443883015356934,0.524975901377935
0.782541915482894,1,0.577746315267352,1.39801742699969
0.784055331351594,1,1.12670778764961,0.357216336104288
0.786381103507957,1,0.30784483709056,1.61211701836293
0.788042449875391,1,0.914310628881869,1.095307760013
0.790604002852167,1,0.893563945767688,0.206108196110403
0.79378484666586,1,0.713793432919664,0.347831859724975
0.7955810863063,1,0.675597818544473,1.49276401259667
0.796118670719058,1,0.756664228787713,0.196903255524061
0.796159714749576,1,0.0910787596195597,0.102938758724031
0.797418029175588,1,0.0429145265520277,1.31834022241494
0.799898483671403,1,0.357286392144638,0.171506056395533
0.809550328636503,1,1.35306549958007,0.132313565189624
0.810100742394777,1,0.0164549596198214,0.173401692966782
0.811189239616735,1,0.733124317244716,1.46333693852911
0.814422994570627,1,0.0749928227873519,0.852460513723088
0.81550057109929,1,1.0341877382595,0.253188901561012
0.816904503735055,1,0.870848881410787,0.268884351723386
0.818087103018045,1,1.31188896838571,0.0869721233949989
0.820816877856695,1,0.479437599924179,0.380647899482922
0.82374128853983,1,0.260780651780022,0.317622651290454
0.827487884842061,1,1.1216133906145,0.410476674477728
0.830958062527958,1,0.231546023128873,0.228392664115265
0.831074483838277,1,0.389883237691579,0.987423785171619
0.831253142879331,1,0.488587951660512,0.864518083056366
0.839870491371355,1,0.967988843522931,0.666480764780691
0.840955720260924,1,0.106192661330518,0.12662448384267
0.842905939650339,1,1.08547452057178,0.134512010101065
0.843125108749252,1,0.803410076463444,0.904205573955936
0.847314404405201,1,0.480620541158821,0.617318229710343
0.84949429451419,1,0.950532022599518,0.483414145439474
0.850382219688162,1,0.95054533590073,0.204213091861499
0.850445545012175,1,0.974652940592996,0.280336599169942
0.851097406657658,1,0.183172232901166,0.613667476762342
0.851119492657853,1,0.271307091461765,1.07135766345373
0.851421768066848,1,0.915908285921841,0.0904592291622252
0.852774359234642,1,0.108866468886905,0.89534325579178
0.853734317784897,1,0.795855001640959,1.46712949771401
0.854823372862347,1,0.777137174410898,1.33617987505155
0.856339410904235,1,1.63397393998083,0.714486296425971
0.858350063297711,1,0.97496555979533,0.148094149826065
0.861052010475061,1,0.427959335215009,1.16875976326903
0.861221390466951,1,0.028346610127042,1.35240498957743
0.863646636003627,1,0.117702027771324,1.61210922145367
0.864689551115927,1,0.0228432225747418,0.883918970996082
0.86797249151501,1,0.992016360721551,0.945743610497873
0.868482224261838,1,1.10339101958484,1.03390860495563
0.869277046264466,1,0.459174221139757,1.27128390216706
0.870134848578165,1,0.0762842251032173,0.392850268963013
0.870902869583822,1,0.969997456236755,1.20912361890838
0.871360353146001,1,0.464867681644554,0.756238114025241
0.87172145819568,1,0.835374075025642,1.34682700632368
0.877264335734253,1,0.413881081952168,0.00428805006689962
0.877872894731086,1,0.67272817685602,0.0773936941591824
0.879825746793806,1,1.42392278023294,1.01098940869047
0.881334862334758,1,0.0360611372689069,0.145697663661195
0.882112642256288,1,0.948526092870971,0.589212248640763
0.883705953043058,1,0.21722829578675,1.29949367480238
0.884406861782225,1,1.06417755084576,0.186300740123442
0.887489577822045,1,0.16196548415054,1.68279967389647
0.890769139502474,1,0.320961577873795,0.465583811670116
0.891936019968924,1,0.0816132787003775,0.656253712461521
0.893732686567908,1,1.1447352641768,1.31416532552812
0.898256824938191,1,0.57362761750564,0.575836491499039
0.898297691926129,1,0.704932020510044,0.82373020847214
0.900546332383724,1,0.10924539649962,0.509050743234951
0.901180292419926,1,0.316558895819206,0.793316118845322
0.903730567035214,1,0.651724476415069,1.24876295520266
0.904781861504441,1,0.198587930330036,0.0300608409214427
0.90554666371358,1,0.975251113632579,0.821497778408392
0.908673946416995,1,0.895890157317427,0.154830803641681
0.90933754685674,1,0.969012656670894,0.828927435666568
0.910084223789475,1,0.16154545842981,1.3085356537746
0.912956953864801,1,0.355212936923256,1.23496251774588
0.914340311565256,1,0.624013070412248,1.03386816821781
0.914987833457132,1,0.554855956355442,1.72912377830536
0.915965158267593,1,1.20235051915944,0.479410583355308
0.916311072136698,1,1.13507815608518,1.31672348847454
0.917462116988685,1,0.873852880856036,0.450691275400094
0.918251456138148,1,1.10330937061231,0.167421046572818
0.918388035585082,1,0.442400491574861,0.118736468815575
0.923009455576747,1,0.433757151466576,0.780787403908592
0.924290035417546,1,1.40916190905585,1.5546609749448
0.932458825471273,1,0.463880306767708,1.00206178505962
0.933142260817765,1,0.667747029786876,0.945219068123846
0.933255043597259,1,0.39745135481481,0.265819949419598
0.935974338773896,1,0.700481211676104,0.292867058672178
0.936165620055491,1,0.562119930299871,0.539236227030381
0.936305859913732,1,0.575292489920353,0.568070472252084
0.941149283455386,1,0.525109718746895,0.512161213601745
0.942082547896777,1,0.253423888404883,0.39270034682672
0.945961484163918,1,0.500634113567885,0.761565409345562
0.948858954644812,1,0.319742096339588,0.312125713307302
0.950395485837762,1,1.02908405219946,1.24137445210766
0.952593657257198,1,0.131581697779803,0.0542055940512271
0.955303523446484,1,0.101935365380596,1.20522784242065
0.956762473221846,1,0.390399308478093,0.970081278455586
0.95932050597677,1,0.69065611596022,1.60938786138082
0.959335183993693,1,0.243314138153896,1.58719561056015
0.960743308874586,1,0.542538976664484,0.368687182570985
0.963169064797567,1,0.502722627059259,1.43195684515454
0.966384796484526,1,0.703208257112909,0.680319763748856
0.968765262447292,1,0.1544237569076,1.61552311636409
0.969356870326415,1,0.831903853555365,0.717581769820496
0.970111022082705,1,0.260088584337587,0.275191879929081
0.970591774560883,1,0.386858230467574,0.223477120129393
0.97133477249674,1,0.629828522261165,0.421240280702038
0.975183337671617,1,0.0654753686565958,0.433695950124518
0.975969813005496,1,0.831957902420813,0.458575676281081
0.978533887087503,1,0.534404229020304,1.36373317688166
0.978903893535116,1,0.0655140567961723,0.418504076497964
0.979564534946299,1,0.685406887325004,1.14842988411556
0.980873651316459,1,0.790188266137567,0.061831531866345
0.983931810174547,1,0.344310048557177,0.530177772681554
0.984044152202246,1,1.1297737131212,1.1994430720993
0.984253586903969,1,0.740337543125515,1.45253959556959
0.98432323004054,1,0.742487205533261,0.617868639724178
0.985086663848956,1,0.389663629317657,0.702789951357941
0.987414756217704,1,1.351788057821,1.69934678133726
0.99167858955186,1,0.0840343291218575,1.27773894657336
0.99288050079926,1,0.242174379553183,0.870965229734767
0.993005025849462,1,0.369794313844649,1.4345833179627
0.993259205822237,1,0.297993333347033,0.142053150176326
0.994614451334795,1,0.794957585611077,0.294923315042498
0.995349662229256,1,1.5145197482054,0.117512948487206
0.997245190272407,1,0.494365497319116,0.777941238845411
1.00406546853344,1,0.00368718799292128,0.623129115685321
1.00428078084521,1,0.242590711682727,0.292023716510763
1.00445079577185,1,0.425945826345427,1.4762837285478
1.0090316153054,1,0.482489095427455,1.57029023122675
1.00977774325226,1,0.238662285284568,1.303526365404
1.0100860660855,1,0.334667894690729,1.0477551266064
1.01132756277988,1,0.060775664041128,0.824293520447193
1.0119142077263,1,0.95119486998119,0.0266515929431275
1.01233559604692,1,0.152325240192145,1.55853684338335
1.01297762945784,1,0.891791782977637,0.192958154531695
1.0171997194214,1,0.477791341854039,0.859733829521411
1.01854286735989,1,0.416649629578042,1.35611035758828
1.0189376023458,1,0.633969966318021,0.172302746149185
1.02123298198654,1,0.839393365218753,1.15818625741988
1.02295561134633,1,0.244868416165257,1.45881445168477
1.02399309192306,1,0.270952831747207,1.40064646906972
1.02788243243258,1,0.705504805403205,1.36245755550369
1.02955655560234,1,0.411003142084239,1.32785108300755
1.03297619999344,1,0.555439878077315,1.1932111574599
1.03816545539051,1,1.33792453008438,0.864963962302297
1.03860265140401,1,0.521050050694035,1.04953376759809
1.04183334403455,1,1.29908256427112,0.790555741964182
1.04216855157868,1,0.602622601895667,1.11786663050852
1.04742108724252,1,0.668548877421439,0.474528830546706
1.0476104680247,1,0.100400938959988,0.364025674503473
1.04807464132824,1,0.177296401583632,0.0307125986575192
1.04888029576536,1,1.2568679573194,1.39649773622947
1.05106590022983,1,0.771589039116318,0.9143011854028
1.05132399481197,1,0.947864251255913,0.580096801925881
1.05516850137256,1,0.579053061774834,0.171138814871405
1.05588650613252,1,1.19442038493328,1.67138853867253
1.05662095916576,1,0.298610507874713,0.786282052905657
1.05804353272904,1,1.44692003471445,1.40495353231968
1.05908038639224,1,0.484421264636054,1.38212800865638
1.06006355934805,1,0.0150482316841185,0.84299339026685
1.06200861277625,1,0.87812281139618,0.127200544937904
1.06400827652147,1,0.763560656332488,0.658872329079063
1.06414727290436,1,0.373724940911778,1.25797546928419
1.06420137303637,1,0.0333603401630413,0.0250541722220149
1.07254498046191,1,0.0687573758665675,0.100975038528033
1.07693474264577,1,0.00234077540518962,0.274221812384139
1.07895870611135,1,0.617920638342045,0.299483066870695
1.07960792816417,1,1.09704265217336,0.300883613414795
1.08147866328696,1,0.923101071431112,1.16450418809142
1.08465622037464,1,0.216663992966239,0.658319670406592
1.08700143221174,1,0.84831293223155,1.61031292187798
1.09217112503273,1,0.43680997374297,1.11124277862089
1.09254895780339,1,1.06116807170655,1.36859909672994
1.0928139797547,1,0.668831823282468,0.779308584606116
1.09388581524137,1,1.14528554070677,0.216896627913201
1.09782773174293,1,0.935345912168905,0.119895284152992
1.10489698935965,1,0.188317659082233,1.4744368087465
1.11201095355151,1,0.917341229119975,0.315182115451472
1.11286647772782,1,0.0129394225967626,0.771768308748117
1.12051353121684,1,0.499551873606455,0.601663523177694
1.12186767463051,1,0.00813367493399877,1.58346744665139
1.12669400118191,1,1.09393618349947,0.752814498586159
1.12697855981987,1,0.964951256957311,0.0881027030647185
1.13176164112351,1,0.826132938132887,0.7853354712613
1.13758346764907,1,0.499739960432017,1.18012465823174
1.14616591679823,1,0.944438532337015,1.31264722365945
1.15636892852534,1,0.0550208925036087,0.0689251925024424
1.15795750858137,1,0.369872841472512,0.290313862051284
1.16506360222006,1,0.596548712387175,1.62722392689071
1.17103379464445,1,0.54757645230985,0.123592633050326
1.18254683739999,1,0.125796289881462,0.124716644991467
1.18311343359589,1,0.367676287111946,0.0392597920748454
1.18384388647187,1,0.260293003377302,0.808355484539462
1.18628131666064,1,0.0734611168565495,0.991504096443084
1.18728637222996,1,0.357545048782268,0.573969239807054
1.18821869271541,1,0.276898499723761,1.01737283396443
1.1901846533684,1,0.846047429222424,0.501570154826521
1.19874555036923,1,0.821700099614135,1.03430253921921
1.20207220808541,1,0.863567856617039,0.451107627693364
1.20499492099815,1,0.0905345386595433,1.36907348143421
1.21284767513144,1,0.629440089871656,0.34770968085821
1.21322465561573,1,0.593334927125107,0.72634037747709
1.22109658304609,1,0.552725937045529,0.524796544235568
1.22202247799257,1,0.784341281448604,1.30717582061464
1.22804129593104,1,0.443046588949994,0.0877568262172832
1.22901716227867,1,0.769460945442164,0.222610658240642
1.24410567143681,1,0.0141034728405212,1.59401912204179
1.26035481532384,1,0.809645401192054,0.605715583053756
1.26184283444412,1,0.161582898031521,0.0671314424281726
1.32735788895121,1,0.488498354550778,0.790576390828629
1.33876795650479,1,0.589488043235006,0.489261591877744
1.34829659412478,1,0.228907867055045,0.343175852321702
1.35617483322107,1,0.148512886278205,0.883180917355365
